accuracy,precision,recall,f1
0.5740049751243781,0.508557457212714,0.5951359084406295,0.5484508899143046
