MAE,RMSE,R2
3.0333686910009003,4.445026177247194,0.41755749175704815
